x,y,objectid,source,ext_id,cat1,cat2,cat3,org_name,name,addrln1,addrln2,city,state,hours,phones,url,info1,info2,post_id,description,zip,link,use_type,latitude,longitude,date_updated,email,dis_status,point_x,point_y
-118.56553679625,34.3868136757755,21522,HSIP Freedom Gnis_cultural_fe,1654866,Arts and Recreation,Golf Courses,,American Golf,Vista Valencia Golf Course,24700 Trevino Drive,,Valencia,CA,,661.253.1870,http://www.americangolf.com/CA/valencia-vista-valencia-golf-course,,,23776,"Vista Valencia Golf Course is located near Six Flags Magic Mountain and offers a fun and challenging golf experience for players of all levels.Â  This mid-length golf course illustrates a beautiful park setting with an island green and lakes. Also features a 9-Hole par three course, and 28 stall night lit driving range.",91355,http://egis3.lacounty.gov/lms/?p=23776,publish,34.38681371,-118.56553674,2011/03/22 23:10:16+00,,,6391048.31161521,1963629.10320157
-118.573697856593,34.4180518662336,21538,HSIP Freedom Gnis_cultural_fe,1744971,Arts and Recreation,Golf Courses,,US Geological Survey (USGS) & LA County,Valencia Country Club,,,,,,,,,,23793,,,http://egis3.lacounty.gov/lms/?p=23793,publish,34.4180519,-118.5736978,2011/10/06 05:59:09+00,,,6388651.0352418,1975011.07617247
-118.474888855847,34.4025721365429,21542,HSIP Freedom Gnis_cultural_fe,1744934,Arts and Recreation,Golf Courses,,US Geological Survey (USGS) & LA County,Friendly Valley Golf Course,,,,,,,,,,23797,,,http://egis3.lacounty.gov/lms/?p=23797,publish,34.40257217,-118.4748888,2011/10/11 21:42:02+00,,,6418423.59807189,1969222.32003348
-118.393964656005,33.910291467084,21663,HSIP Freedom Gnis_cultural_fe,1702760,Arts and Recreation,Golf Courses,,US Geological Survey (USGS) & LA County,El Segundo Golf Course,,,,,,,,,,23916,,,http://egis3.lacounty.gov/lms/?p=23916,publish,33.9102915,-118.3939646,2010/11/02 02:50:56+00,,,6442131.50242764,1789967.74251972
-118.41146585593,33.9572347666657,21664,HSIP Freedom Gnis_cultural_fe,1702781,Arts and Recreation,Golf Courses,,US Geological Survey (USGS) & LA County,Westchester Golf Course,,,,,,,,,,23919,,,http://egis3.lacounty.gov/lms/?p=23919,publish,33.9572348,-118.4114658,2010/11/02 02:50:56+00,,,6436891.15562488,1807072.58823122
-118.488972656328,34.190560366643,21675,HSIP Freedom Gnis_cultural_fe,1654859,Arts and Recreation,Golf Courses,,US Geological Survey (USGS) & LA County,Van Nuys Golf Course,,,,,,,,,,23931,,,http://egis3.lacounty.gov/lms/?p=23931,publish,34.1905604,-118.4889726,2010/11/02 02:50:56+00,,,6413800.03415631,1892088.55861889
-118.329521056144,34.0772321670208,21677,HSIP Freedom Gnis_cultural_fe,1654879,Arts and Recreation,Golf Courses,,US Geological Survey (USGS) & LA County,Wilshire Country Club,,,,,,,,,,23933,,,http://egis3.lacounty.gov/lms/?p=23933,publish,34.0772322,-118.329521,2011/10/06 05:59:27+00,,,6461884.40616322,1850650.23696814
-118.729254655219,34.0977840664287,21678,HSIP Freedom Gnis_cultural_fe,1669933,Arts and Recreation,Golf Courses,,US Geological Survey (USGS) & LA County,The Crags Country Club,,,,,,,,,,23934,,,http://egis3.lacounty.gov/lms/?p=23934,publish,34.0977841,-118.7292546,2011/10/06 05:59:55+00,,,6340892.4280033,1858766.77355656
-118.532415655477,34.1598604164594,21679,HSIP Freedom Gnis_cultural_fe,1669951,Arts and Recreation,Golf Courses,,US Geological Survey (USGS) & LA County,El Caballero Country Club,,,,,,,,,,23935,,,http://egis3.lacounty.gov/lms/?p=23935,publish,34.15986045,-118.5324156,2014/05/22 01:07:02+00,,,6400603.37058905,1880983.19401865
-118.497028155849,34.1744496666752,21685,HSIP Freedom Gnis_cultural_fe,1654551,Arts and Recreation,Golf Courses,,US Geological Survey (USGS) & LA County,Balboa Municipal Golf Course,,,,,,,,,,23940,,,http://egis3.lacounty.gov/lms/?p=23940,publish,34.1744497,-118.4970281,2010/11/02 02:50:56+00,,,6411334.99840397,1886237.60280114
-118.447302355718,34.0775086668526,21686,HSIP Freedom Gnis_cultural_fe,1654554,Arts and Recreation,Golf Courses,,US Geological Survey (USGS) & LA County,Bel Air Country Club,,,,,,,,,,23941,,,http://egis3.lacounty.gov/lms/?p=23941,publish,34.0775087,-118.4473023,2011/10/06 05:59:32+00,,,6426218.39186548,1850888.67874847
-118.484802755811,34.0463980663284,21687,HSIP Freedom Gnis_cultural_fe,1654568,Arts and Recreation,Golf Courses,,US Geological Survey (USGS) & LA County,Brentwood Country Club,,,,,,,,,,23942,,,http://egis3.lacounty.gov/lms/?p=23942,publish,34.0463981,-118.4848027,2011/10/06 06:00:00+00,,,6414808.0124553,1839619.71440981
-118.488138856311,34.1705609665538,21689,HSIP Freedom Gnis_cultural_fe,1654633,Arts and Recreation,Golf Courses,,US Geological Survey (USGS) & LA County,Encino Municipal Golf Course,,,,,,,,,,23945,,,http://egis3.lacounty.gov/lms/?p=23945,publish,34.170561,-118.4881388,2010/11/02 02:50:56+00,,,6414016.83752847,1884809.27494915
-118.385910156417,33.9875123673058,21690,HSIP Freedom Gnis_cultural_fe,1654639,Arts and Recreation,Golf Courses,,US Geological Survey (USGS) & LA County,Fox Hills Country Club,,,,,,,,,,23946,,,http://egis3.lacounty.gov/lms/?p=23946,publish,33.9875124,-118.3859101,2011/10/06 06:01:17+00,,,6444683.31983055,1818060.4291164
-118.347578156453,34.1452848666333,21691,HSIP Freedom Gnis_cultural_fe,1654693,Arts and Recreation,Golf Courses,,US Geological Survey (USGS) & LA County,Lakeside Golf Club,,,,,,,,,,23947,,,http://egis3.lacounty.gov/lms/?p=23947,publish,34.1452849,-118.3475781,2010/11/02 02:50:56+00,,,6456501.99173123,1875434.15065481
-118.379795756042,33.7994602669707,21692,HSIP Freedom Gnis_cultural_fe,1654757,Arts and Recreation,Golf Courses,,US Geological Survey (USGS) & LA County,Palos Verdes Country Club,,,,,,,,,,23948,,,http://egis3.lacounty.gov/lms/?p=23948,publish,33.7994603,-118.3797957,2011/10/06 06:01:25+00,,,6446278.28678498,1749617.22774848
-118.460634556024,34.0061218668128,21693,HSIP Freedom Gnis_cultural_fe,1654763,Arts and Recreation,Golf Courses,,US Geological Survey (USGS) & LA County,Penmar Golf Course,,,,,,,,,,23949,,,http://egis3.lacounty.gov/lms/?p=23949,publish,34.0061219,-118.4606345,2010/11/02 02:50:56+00,,,6422062.11572921,1824928.12502664
-118.423134755605,34.0694535664236,21696,HSIP Freedom Gnis_cultural_fe,1654707,Arts and Recreation,Golf Courses,,US Geological Survey (USGS) & LA County,Los Angeles Country Club,,,,,,,,,,23952,,,http://egis3.lacounty.gov/lms/?p=23952,publish,34.0694536,-118.4231347,2011/10/06 06:01:37+00,,,6433524.43237147,1847925.61282423
-118.553701666204,34.2761153666236,21700,HSIP Freedom Gnis_cultural_fe,1654770,Arts and Recreation,Golf Courses,,US Geological Survey (USGS) & LA County,Porter Valley Country Club,,,,,,,,,,23956,,,http://egis3.lacounty.gov/lms/?p=23956,publish,34.2761154,-118.55370161,2014/05/22 01:08:28+00,,,6394397.01521964,1923324.62573981
-118.412300655597,34.043065866619,21703,HSIP Freedom Gnis_cultural_fe,1654783,Arts and Recreation,Golf Courses,,US Geological Survey (USGS) & LA County,Rancho Park And Golf Course,,,,,,,,,,23959,,,http://egis3.lacounty.gov/lms/?p=23959,publish,34.0430659,-118.4123006,2010/11/02 02:50:56+00,,,6436766.12044188,1838309.06315973
-118.50063655568,34.0502866669698,21704,HSIP Freedom Gnis_cultural_fe,1654789,Arts and Recreation,Golf Courses,,US Geological Survey (USGS) & LA County,Riviera Country Club,,,,,,,,,,23960,,,http://egis3.lacounty.gov/lms/?p=23960,publish,34.0502867,-118.5006365,2011/10/06 06:00:08+00,,,6410018.53286105,1841058.34637506
-118.59341905575,34.1547277666537,21705,HSIP Freedom Gnis_cultural_fe,1654799,Arts and Recreation,Golf Courses,,US Geological Survey (USGS) & LA County,Woodland Hills Country Club,,,,,,,,,,23961,,,http://egis3.lacounty.gov/lms/?p=23961,publish,34.1547278,-118.593419,2011/10/06 05:59:18+00,,,6382137.73068313,1879218.71198331
-118.392859056516,34.2600025661032,21737,HSIP Freedom Gnis_cultural_fe,1732325,Arts and Recreation,Golf Courses,,US Geological Survey (USGS) & LA County,Hansen Dam Golf Course,,,,,,,,,,23994,,,http://egis3.lacounty.gov/lms/?p=23994,publish,34.2600026,-118.392859,2010/11/02 02:50:56+00,,,6442964.36755981,1917232.14350222
-118.38755613552,33.8989168468373,21751,City of Manhattan Beach,1731989,Arts and Recreation,Golf Courses,,US Geological Survey (USGS) & LA County,Manhattan Beach Marriott Golf Course,1400 Parkview Ave,,Manhattan Beach,CA,,"1-310-546-7511 ext. 1411 

",http://www.marriott.com/hotels/hotel-information/golf-courses/laxmn-manhattan-beach-marriott/,,,24009,Golf course at the Marriott Hotel in Manhattan Beach.,90266,http://egis3.lacounty.gov/lms/?p=24009,publish,33.89891688,-118.38755608,2011/12/08 19:37:11+00,,,6444060.03990914,1785820.72555131
-118.541750855293,34.1427838664582,21768,HSIP Freedom Gnis_cultural_fe,1733202,Arts and Recreation,Golf Courses,,US Geological Survey (USGS) & LA County,Braemar Country Club,,,,,,,,,,24027,,,http://egis3.lacounty.gov/lms/?p=24027,publish,34.1427839,-118.5417508,2011/10/06 05:59:37+00,,,6397745.80937505,1874783.90556423
-118.327294556293,33.7811281673281,21774,HSIP Freedom Gnis_cultural_fe,1733004,Arts and Recreation,Golf Courses,,US Geological Survey (USGS) & LA County,Rolling Hills Country Club,,,,,,,,,,24033,,,http://egis3.lacounty.gov/lms/?p=24033,publish,33.7811282,-118.3272945,2011/10/06 06:00:04+00,,,6462207.76542464,1742889.59815915
-118.655920455251,34.1422278666342,21804,HSIP Freedom Gnis_cultural_fe,1733442,Arts and Recreation,Golf Courses,,US Geological Survey (USGS) & LA County,Calabasas Golf And Country Club,,,,,,,,,,24064,,,http://egis3.lacounty.gov/lms/?p=24064,publish,34.1422279,-118.6559204,2010/11/02 02:50:56+00,,,6363199.17013514,1874787.37799823
-118.79036925531,34.1569497667444,21806,HSIP Freedom Gnis_cultural_fe,1733456,Arts and Recreation,Golf Courses,,US Geological Survey (USGS) & LA County,Lake Lindero Country Club,,,,,,,,,,24066,,,http://egis3.lacounty.gov/lms/?p=24066,publish,34.1569498,-118.7903692,2011/10/06 06:00:11+00,,,6322559.97910397,1880437.45593689
-118.325905255635,33.7255739677996,21811,HSIP Freedom Gnis_cultural_fe,1733528,Arts and Recreation,Golf Courses,,US Geological Survey (USGS) & LA County,Palos Verdes Shores Golf Course,,,,,,,,,,24071,,,http://egis3.lacounty.gov/lms/?p=24071,publish,33.725574,-118.3259052,2010/11/02 02:50:56+00,,,6462564.41202106,1722670.51458165
-118.477584556244,34.2472252664696,21814,HSIP Freedom Gnis_cultural_fe,1732885,Arts and Recreation,Golf Courses,,US Geological Survey (USGS) & LA County,Mission Hills Golf Course,,,,,,,,,,24074,,,http://egis3.lacounty.gov/lms/?p=24074,publish,34.2472253,-118.4775845,2010/11/02 02:50:56+00,,,6417341.86204639,1912693.14962748
-118.405657146425,34.1463091667244,21822,LA City Recreation and Parks,1732864,Arts and Recreation,Golf Courses,,LA City Department Recreation and Parks,Weddington Golf and Tennis,4141 Whitsett Ave,,Studio City,CA,,"Golf: (818) 761-3250
Tennis: 818-769-5263",http://weddingtongolfandtennis.com/,,,24082,,91604,http://egis3.lacounty.gov/lms/?p=24082,publish,34.1463092,-118.40565709,2014/07/02 20:59:26+00,,,6438930.35233389,1875872.75181173
-118.488694656076,34.1816717667966,21829,HSIP Freedom Gnis_cultural_fe,1732870,Arts and Recreation,Golf Courses,,US Geological Survey (USGS) & LA County,Woodley Golf Course,,,,,,,,,,24088,,,http://egis3.lacounty.gov/lms/?p=24088,publish,34.1816718,-118.4886946,2010/11/02 02:50:56+00,,,6413868.37719548,1888853.46567965
-118.328961955352,33.3353066680637,21841,HSIP Freedom Gnis_cultural_fe,1763269,Arts and Recreation,Golf Courses,,US Geological Survey (USGS) & LA County,Pointe Catalina Island Golf Club,,,,,,,,,,24097,,,http://egis3.lacounty.gov/lms/?p=24097,publish,33.3353067,-118.3289619,2010/11/02 02:50:56+00,,,6461170.05851056,1580638.76255648
-118.813981255748,34.1500055667225,21859,HSIP Freedom Gnis_cultural_fe,1733480,Arts and Recreation,Golf Courses,,US Geological Survey (USGS) & LA County,Westlake Village Golf Course,,,,,,,,,,24117,,,http://egis3.lacounty.gov/lms/?p=24117,publish,34.1500056,-118.8139812,2010/11/02 02:50:56+00,,,6315396.33168589,1877967.42478773
-118.338964156512,33.9583469673819,21860,HSIP Freedom Gnis_cultural_fe,1669978,Arts and Recreation,Golf Courses,,US Geological Survey (USGS) & LA County,Inglewood Country Club,,,,,,,,,,24118,,,http://egis3.lacounty.gov/lms/?p=24118,publish,33.958347,-118.3389641,2011/10/06 06:00:23+00,,,6458878.95121613,1807395.26836014
-118.405911756001,34.0500100666297,21872,HSIP Freedom Gnis_cultural_fe,1654663,Arts and Recreation,Golf Courses,,US Geological Survey (USGS) & LA County,Hillcrest Country Club,,,,,,,,,,24131,,,http://egis3.lacounty.gov/lms/?p=24131,publish,34.0500101,-118.4059117,2011/10/06 06:00:28+00,,,6438711.79699673,1840828.29532598
-118.193958355958,33.839183366973,21937,HSIP Freedom Gnis_cultural_fe,1670083,Arts and Recreation,Golf Courses,,US Geological Survey (USGS) & LA County,Virginia Country Club,,,,,,,,,,24190,,,http://egis3.lacounty.gov/lms/?p=24190,publish,33.8391834,-118.1939583,2011/10/06 05:59:02+00,,,6502768.42806955,1763912.3484364
-118.035065356208,33.9302912675893,21940,HSIP Freedom Gnis_cultural_fe,1654585,Arts and Recreation,Golf Courses,,US Geological Survey (USGS) & LA County,Candlewood Country Club,,,,,,,,,,24193,,,http://egis3.lacounty.gov/lms/?p=24193,publish,33.9302913,-118.0350653,2011/10/06 05:59:45+00,,,6551033.14387588,1797013.72547498
-118.278127856205,33.8483498675942,21941,HSIP Freedom Gnis_cultural_fe,1654614,Arts and Recreation,Golf Courses,,US Geological Survey (USGS) & LA County,Dominguez Golf Course,,,,,,,,,,24194,,,http://egis3.lacounty.gov/lms/?p=24194,publish,33.8483499,-118.2781278,2010/11/02 02:50:56+00,,,6477216.8384248,1767308.28193323
-118.140346056269,33.8944595671564,21943,HSIP Freedom Gnis_cultural_fe,1654739,Arts and Recreation,Golf Courses,,US Geological Survey (USGS) & LA County,Municipal Golf Course,,,,,,,,,,24196,,,http://egis3.lacounty.gov/lms/?p=24196,publish,33.8944596,-118.140346,2010/11/02 02:50:56+00,,,6519077.6641518,1784001.62420264
-118.056176757031,33.9066807675338,21944,HSIP Freedom Gnis_cultural_fe,1654745,Arts and Recreation,Golf Courses,,US Geological Survey (USGS) & LA County,Norwalk Golf Course,,,,,,,,,,24197,,,http://egis3.lacounty.gov/lms/?p=24197,publish,33.9066808,-118.0561767,2010/11/02 02:50:56+00,,,6544624.12191705,1788424.23445189
-118.145069556649,33.9536252669394,21945,HSIP Freedom Gnis_cultural_fe,1654788,Arts and Recreation,Golf Courses,,US Geological Survey (USGS) & LA County,Rio Hondo Country Club,,,,,,,,,,24198,,,http://egis3.lacounty.gov/lms/?p=24198,publish,33.9536253,-118.1450695,2011/10/06 05:59:50+00,,,6517675.2358543,1805535.37280172
-118.155069856793,33.955847467217,21947,HSIP Freedom Gnis_cultural_fe,1732297,Arts and Recreation,Golf Courses,,US Geological Survey (USGS) & LA County,Ford Park Golf Course,,,,,,,,,,24200,,,http://egis3.lacounty.gov/lms/?p=24200,publish,33.9558475,-118.1550698,2010/11/02 02:50:56+00,,,6514643.70385964,1806348.60641147
-118.289516056445,33.7861285675668,21965,HSIP Freedom Gnis_cultural_fe,1732047,Arts and Recreation,Golf Courses,,US Geological Survey (USGS) & LA County,Harbor Park Golf Course,,,,,,,,,,24219,,,http://egis3.lacounty.gov/lms/?p=24219,publish,33.7861286,-118.289516,2010/11/02 02:50:56+00,,,6473693.60170488,1744674.15266089
-118.106177956308,33.8808483670343,21976,HSIP Freedom Gnis_cultural_fe,1732151,Arts and Recreation,Golf Courses,,US Geological Survey (USGS) & LA County,Cerritos Iron-Wood Golf Course,,,,,,,,,,24230,,,http://egis3.lacounty.gov/lms/?p=24230,publish,33.8808484,-118.1061779,2010/11/02 02:50:56+00,,,6529441.87537871,1779035.47173339
-118.130621455887,33.7769614677916,21980,HSIP Freedom Gnis_cultural_fe,1733001,Arts and Recreation,Golf Courses,,US Geological Survey (USGS) & LA County,Recreation Park Golf Course,,,,,,,,,,24234,,,http://egis3.lacounty.gov/lms/?p=24234,publish,33.7769615,-118.1306214,2010/11/02 02:50:56+00,,,6521973.3512738,1741237.08341956
-118.14034605652,33.8947373672248,21989,HSIP Freedom Gnis_cultural_fe,1732206,Arts and Recreation,Golf Courses,,US Geological Survey (USGS) & LA County,Bellflower Golf Center,,,,,,,,,,24243,,,http://egis3.lacounty.gov/lms/?p=24243,publish,33.8947374,-118.140346,2010/11/02 02:50:56+00,,,6519077.80522764,1784102.72209756
-118.112287356747,33.7708503670659,21990,HSIP Freedom Gnis_cultural_fe,1732208,Arts and Recreation,Golf Courses,,US Geological Survey (USGS) & LA County,Bixby Village Golf Course,,,,,,,,,,24244,,,http://egis3.lacounty.gov/lms/?p=24244,publish,33.7708504,-118.1122873,2010/11/02 02:50:56+00,,,6527542.75712971,1739006.34837973
-118.185069956768,33.8944599667899,21991,HSIP Freedom Gnis_cultural_fe,1732240,Arts and Recreation,Golf Courses,,US Geological Survey (USGS) & LA County,Compton Par Three Golf Course,,,,,,,,,,24245,,,http://egis3.lacounty.gov/lms/?p=24245,publish,33.89446,-118.1850699,2010/11/02 02:50:56+00,,,6505504.7208253,1784023.73964398
-117.991731156415,33.9622347675119,22000,HSIP Freedom Gnis_cultural_fe,1724405,Arts and Recreation,Golf Courses,,US Geological Survey (USGS) & LA County,Friendly Hills Country Club,,,,,,,,,,24256,,,http://egis3.lacounty.gov/lms/?p=24256,publish,33.9622348,-117.9917311,2011/10/06 06:00:16+00,,,6564177.77539498,1808636.91384272
-118.112014057063,34.0872316669316,22041,HSIP Freedom Gnis_cultural_fe,238543,Arts and Recreation,Golf Courses,,US Geological Survey (USGS) & LA County,Almansor Municipal Golf Course,,,,,,,,,,24298,,,http://egis3.lacounty.gov/lms/?p=24298,publish,34.0872317,-118.112014,2010/11/02 02:50:56+00,,,6527754.1231768,1854144.58332589
-118.281186956382,34.13528576711,22146,HSIP Freedom Gnis_cultural_fe,1654880,Arts and Recreation,Golf Courses,,US Geological Survey (USGS) & LA County,Wilson Golf Course,,,,,,,,,,24407,,,http://egis3.lacounty.gov/lms/?p=24407,publish,34.1352858,-118.2811869,2010/11/02 02:50:56+00,,,6476580.05065639,1871732.48089281
-118.122014957088,34.1850054668686,22162,HSIP Freedom Gnis_cultural_fe,1654538,Arts and Recreation,Golf Courses,,US Geological Survey (USGS) & LA County,Altadena Town And Country Club,,,,,,,,,,24423,,,http://egis3.lacounty.gov/lms/?p=24423,publish,34.1850055,-118.1220149,2011/10/06 06:00:20+00,,,6524769.18787372,1889729.76806089
-118.017844256832,34.1013971669275,22163,HSIP Freedom Gnis_cultural_fe,1654545,Arts and Recreation,Golf Courses,,US Geological Survey (USGS) & LA County,Arcadia Golf Course,,,,,,,,,,24425,,,http://egis3.lacounty.gov/lms/?p=24425,publish,34.1013972,-118.0178442,2010/11/02 02:50:56+00,,,6556268.27841872,1859281.25841998
-118.303410656846,34.2050047666853,22165,HSIP Freedom Gnis_cultural_fe,1654607,Arts and Recreation,Golf Courses,,US Geological Survey (USGS) & LA County,De Bell Municipal Golf Course,,,,,,,,,,24427,,,http://egis3.lacounty.gov/lms/?p=24427,publish,34.2050048,-118.3034106,2010/11/02 02:50:56+00,,,6469931.51605321,1897123.9324064
-118.013677357306,34.0400105672425,22170,HSIP Freedom Gnis_cultural_fe,1654580,Arts and Recreation,Golf Courses,,US Geological Survey (USGS) & LA County,California Country Club,,,,,,,,,,24432,,,http://egis3.lacounty.gov/lms/?p=24432,publish,34.0400106,-118.0136773,2011/10/06 06:01:21+00,,,6557526.70273913,1836941.30113147
-118.187850856579,34.214726566569,22174,HSIP Freedom Gnis_cultural_fe,1654687,Arts and Recreation,Golf Courses,,US Geological Survey (USGS) & LA County,La Canada Country Club,,,,,,,,,,24436,,,http://egis3.lacounty.gov/lms/?p=24436,publish,34.2147266,-118.1878508,2011/10/06 06:01:29+00,,,6504878.57608022,1900576.48324406
-118.234262526425,34.1935319365958,22175,HSIP Freedom Gnis_cultural_fe,1654748,Arts and Recreation,Golf Courses,,US Geological Survey (USGS) & LA County,Oakmont Country Club,3100 Country Club Drive,,Glendale,CA,,(818) 542-4260,http://www.oakmontcc.com,,,24437,,91208,http://egis3.lacounty.gov/lms/?p=24437,publish,34.19353197,-118.23426247,2011/10/06 05:54:19+00,,,6490829.27543873,1892892.85655098
-118.283131456436,34.1397299668138,22188,HSIP Freedom Gnis_cultural_fe,1654659,Arts and Recreation,Golf Courses,,US Geological Survey (USGS) & LA County,Harding Golf Course,,,,,,,,,,24450,,,http://egis3.lacounty.gov/lms/?p=24450,publish,34.13973,-118.2831314,2010/11/02 02:50:56+00,,,6475996.18043305,1873351.45206431
-118.1345145568,34.0302897670233,22190,HSIP Freedom Gnis_cultural_fe,1654735,Arts and Recreation,Golf Courses,,US Geological Survey (USGS) & LA County,Montebello Municipal Golf Course,,,,,,,,,,24452,,,http://egis3.lacounty.gov/lms/?p=24452,publish,34.0302898,-118.1345145,2010/11/02 02:50:56+00,,,6520913.5738658,1833430.69693223
-118.096180356238,34.1108416670458,22191,HSIP Freedom Gnis_cultural_fe,1654803,Arts and Recreation,Golf Courses,,US Geological Survey (USGS) & LA County,San Gabriel Country Club,,,,,,,,,,24453,,,http://egis3.lacounty.gov/lms/?p=24453,publish,34.1108417,-118.0961803,2011/10/06 06:01:42+00,,,6532556.55615722,1862731.73642714
-118.273409857017,34.2347257669693,22223,HSIP Freedom Gnis_cultural_fe,1732633,Arts and Recreation,Golf Courses,,US Geological Survey (USGS) & LA County,Verdugo Hills Golf Course,,,,,,,,,,24485,,,http://egis3.lacounty.gov/lms/?p=24485,publish,34.2347258,-118.2734098,2010/11/02 02:50:56+00,,,6479031.91222247,1907913.87473723
-118.170349856555,34.1697284671921,22227,HSIP Freedom Gnis_cultural_fe,1732216,Arts and Recreation,Golf Courses,,US Geological Survey (USGS) & LA County,Brookside Golf Course,,,,,,,,,,24489,,,http://egis3.lacounty.gov/lms/?p=24489,publish,34.1697285,-118.1703498,2010/11/02 02:50:56+00,,,6510141.7863543,1884191.45728715
-118.174417076589,34.1439544468505,22229,HSIP Freedom Gnis_cultural_fe,1732180,Arts and Recreation,Golf Courses,,US Geological Survey (USGS) & LA County,Annandale Golf Course,1 North San Rafael Avenue,,Pasadena,CA,,626-796-6125,http://www.annandalegolf.com/html/,,,24492,,91105,http://egis3.lacounty.gov/lms/?p=24492,publish,34.14395448,-118.17441702,2011/10/06 05:52:41+00,,,6508895.23274505,1874813.9455304
-118.169794056093,34.1150086669416,22237,HSIP Freedom Gnis_cultural_fe,1732664,Arts and Recreation,Golf Courses,,US Geological Survey (USGS) & LA County,Arroyo Seco Golf Course,,,,,,,,,,24500,,,http://egis3.lacounty.gov/lms/?p=24500,publish,34.1150087,-118.169794,2010/11/02 02:50:56+00,,,6510276.27132155,1864277.66279723
-118.162015556555,34.0583443667806,22239,HSIP Freedom Gnis_cultural_fe,1732712,Arts and Recreation,Golf Courses,,US Geological Survey (USGS) & LA County,Monterey Park Golf Course,,,,,,,,,,24502,,,http://egis3.lacounty.gov/lms/?p=24502,publish,34.0583444,-118.1620155,2010/11/02 02:50:56+00,,,6512597.46582614,1843652.5924989
-118.291464856301,34.1191752663762,22241,HSIP Freedom Gnis_cultural_fe,1732816,Arts and Recreation,Golf Courses,,US Geological Survey (USGS) & LA County,Roosevelt Municipal Golf Course,,,,,,,,,,24504,,,http://egis3.lacounty.gov/lms/?p=24504,publish,34.1191753,-118.2914648,2010/11/02 02:50:56+00,,,6473452.85251448,1865878.45651165
-118.20361738606,34.1708698665535,22290,HSIP Freedom Gnis_cultural_fe,1654592,Arts and Recreation,Golf Courses,,US Geological Survey (USGS) & LA County,Chevy Chase Golf Course,3067 E Chevy Chase Dr,,Glendale,CA,,,http://chevychasecc.com/,,,24555,,91206,http://egis3.lacounty.gov/lms/?p=24555,publish,34.1708699,-118.20361733,2011/10/06 05:50:32+00,,,6500079.6568723,1884625.55123523
-117.888395257083,34.0569546669412,22353,HSIP Freedom Gnis_cultural_fe,1654828,Arts and Recreation,Golf Courses,,US Geological Survey (USGS) & LA County,South Hills Country Club,,,,,,,,,,24620,,,http://egis3.lacounty.gov/lms/?p=24620,publish,34.0569547,-117.8883952,2011/10/06 06:01:47+00,,,6595474.86732823,1843126.07649156
-117.920618756933,34.1475069671902,22358,HSIP Freedom Gnis_cultural_fe,1654547,Arts and Recreation,Golf Courses,,US Geological Survey (USGS) & LA County,Azusa Greens Public Golf Course,,,,,,,,,,24625,,,http://egis3.lacounty.gov/lms/?p=24625,publish,34.147507,-117.9206187,2010/11/02 02:50:56+00,,,6585688.50566739,1876070.47287297
-117.716445257922,34.1130647674817,22360,HSIP Freedom Gnis_cultural_fe,1654596,Arts and Recreation,Golf Courses,,US Geological Survey (USGS) & LA County,Claremont Golf Course,,,,,,,,,,24627,,,http://egis3.lacounty.gov/lms/?p=24627,publish,34.1130648,-117.7164452,2010/11/02 02:50:56+00,,,6647499.96668988,1863647.90257381
-117.946235577597,34.1403703874177,22367,HSIP Freedom Gnis_cultural_fe,1732440,Arts and Recreation,Golf Courses,,LA County,Rancho Duarte Golf Course,,,,,,,,,,24634,,,http://egis3.lacounty.gov/lms/?p=24634,publish,34.14037042,-117.94623552,2014/05/22 00:04:33+00,,,6577939.0857988,1873468.20740823
-117.820615257372,34.1294524674102,22375,HSIP Freedom Gnis_cultural_fe,1723680,Arts and Recreation,Golf Courses,,US Geological Survey (USGS) & LA County,Glendora Country Club,,,,,,,,,,24643,,,http://egis3.lacounty.gov/lms/?p=24643,publish,34.1294525,-117.8206152,2011/10/06 06:01:50+00,,,6615957.98876347,1869539.0682849
-117.934230056532,34.020011367469,22381,HSIP Freedom Gnis_cultural_fe,1724316,Arts and Recreation,Golf Courses,,US Geological Survey (USGS) & LA County,Babe Zaharias Golf Course,,,,,,,,,,24649,,,http://egis3.lacounty.gov/lms/?p=24649,publish,34.0200114,-117.93423,2010/11/02 02:50:56+00,,,6581600.53484072,1829669.43476973
-117.930063356511,34.0227890675476,22387,HSIP Freedom Gnis_cultural_fe,1724333,Arts and Recreation,Golf Courses,,US Geological Survey (USGS) & LA County,Dwight D Eisenhower Golf Course,,,,,,,,,,24655,,,http://egis3.lacounty.gov/lms/?p=24655,publish,34.0227891,-117.9300633,2010/11/02 02:50:56+00,,,6582862.46145073,1830681.14764132
-117.866450156844,34.1161193668582,22395,HSIP Freedom Gnis_cultural_fe,1724302,Arts and Recreation,Golf Courses,,US Geological Survey (USGS) & LA County,Glen Oaks Golf Course,,,,,,,,,,24663,,,http://egis3.lacounty.gov/lms/?p=24663,publish,34.1161194,-117.8664501,2010/11/02 02:50:56+00,,,6602093.31734589,1864665.31786181
-117.767557657565,34.0447332668996,22410,HSIP Freedom Gnis_cultural_fe,1723725,Arts and Recreation,Golf Courses,,US Geological Survey (USGS) & LA County,Palm Lake Golf Course,,,,,,,,,,24678,,,http://egis3.lacounty.gov/lms/?p=24678,publish,34.0447333,-117.7675576,2010/11/02 02:50:56+00,,,6632086.21208438,1838741.12364732
-117.780058357169,34.1375079667623,22414,HSIP Freedom Gnis_cultural_fe,1723739,Arts and Recreation,Golf Courses,,US Geological Survey (USGS) & LA County,San Dimas Canyon Golf Course,,,,,,,,,,24682,,,http://egis3.lacounty.gov/lms/?p=24682,publish,34.137508,-117.7800583,2010/11/02 02:50:56+00,,,6628225.39040972,1872494.98658565
-117.76672445787,34.13834136733,22418,HSIP Freedom Gnis_cultural_fe,1723753,Arts and Recreation,Golf Courses,,US Geological Survey (USGS) & LA County,Sierra La Verne Golf Course,,,,,,,,,,24686,,,http://egis3.lacounty.gov/lms/?p=24686,publish,34.1383414,-117.7667244,2010/11/02 02:50:56+00,,,6632259.56016289,1872807.37211573
-117.832004357463,34.0836206672441,22422,HSIP Freedom Gnis_cultural_fe,1723767,Arts and Recreation,Golf Courses,,US Geological Survey (USGS) & LA County,Via Verde Country Club,,,,,,,,,,24690,,,http://egis3.lacounty.gov/lms/?p=24690,publish,34.0836207,-117.8320043,2011/10/06 06:01:54+00,,,6612539.15767464,1852854.0878754
-117.864782956808,33.9911235676036,22446,HSIP Freedom Gnis_cultural_fe,1724453,Arts and Recreation,Golf Courses,,US Geological Survey (USGS) & LA County,Royal Vista Golf Course,,,,,,,,,,24720,,,http://egis3.lacounty.gov/lms/?p=24720,publish,33.9911236,-117.8647829,2010/11/02 02:50:56+00,,,6602659.1406893,1819177.62570089
-117.946729556457,33.9600127675568,22447,HSIP Freedom Gnis_cultural_fe,1654656,Arts and Recreation,Golf Courses,,US Geological Survey (USGS) & LA County,Hacienda Golf Club,,,,,,,,,,24721,,,http://egis3.lacounty.gov/lms/?p=24721,publish,33.9600128,-117.9467295,2010/11/02 02:50:56+00,,,6577824.39934839,1807832.45843065
-118.141462156808,34.6060997658207,22615,HSIP Freedom Gnis_cultural_fe,1654543,Arts and Recreation,Golf Courses,,US Geological Survey (USGS) & LA County,Antelope Valley Country Club,,,,,,,,,,24889,,,http://egis3.lacounty.gov/lms/?p=24889,publish,34.6060998,-118.1414621,2011/10/06 06:01:12+00,,,6519103.40852289,2042982.28471798
-117.847563757143,34.4733291668997,22616,HSIP Freedom Gnis_cultural_fe,1654605,Arts and Recreation,Golf Courses,,US Geological Survey (USGS) & LA County,Crystalaire Country Club,,,,,,,,,,24890,,,http://egis3.lacounty.gov/lms/?p=24890,publish,34.4733292,-117.8475637,2011/10/06 06:01:33+00,,,6607612.71575588,1994668.74781506
-118.060626256985,34.6005448662229,22621,HSIP Freedom Gnis_cultural_fe,1733573,Arts and Recreation,Golf Courses,,US Geological Survey (USGS) & LA County,Desert Aire Golf Course,,,,,,,,,,24896,,,http://egis3.lacounty.gov/lms/?p=24896,publish,34.6005449,-118.0606262,2010/11/02 02:50:56+00,,,6543426.25751489,2040936.25895439
-118.238686857139,34.6766520657315,22626,HSIP Freedom Gnis_cultural_fe,1733616,Arts and Recreation,Golf Courses,,US Geological Survey (USGS) & LA County,Meadowlark Golf Course,,,,,,,,,,24901,,,http://egis3.lacounty.gov/lms/?p=24901,publish,34.6766521,-118.2386868,2010/11/02 02:50:56+00,,,6489908.84617722,2068713.51409531
-118.026180858071,34.7435946658427,22627,HSIP Freedom Gnis_cultural_fe,1733635,Arts and Recreation,Golf Courses,,US Geological Survey (USGS) & LA County,Rancho Sierra Golf Club,,,,,,,,,,24902,,,http://egis3.lacounty.gov/lms/?p=24902,publish,34.7435947,-118.0261808,2010/11/02 02:50:56+00,,,6553805.36503747,2092991.88581406
-118.182515056424,33.9451039670399,57417,211,,Arts and Recreation,Golf Courses,,www.cityofsouthgate.org,City Of South Gate Parks And Recreation Department - South Gate Nine Hole Golf Course,9615 Pinehurst Ave.,,South Gate,CA,"Monday through Sunday, daylight hours. ",Golf Course Service/Intake (323) 357-9613,www.cityofsouthgate.org,,,59059,The department provides a variety of recreational programs for people of all ages who live in South Gate and neighboring communities.,90280,http://egis3.lacounty.gov/lms/?p=59059,publish,33.945104,-118.182515,2013/06/01 18:50:56+00,,,6506313.5538533,1802452.7949774
-118.136513656508,33.8146858277294,58078,211,,Arts and Recreation,Golf Courses,,www.longbeach.gov/park/,"City Of Long Beach Department Of Parks, Recreation And Marine - Skylinks Golf Course",4800 E Wardlow Rd,,Long Beach,CA,"SITE HOURS: Monday through Sunday, 9:00am to 10:00pm. ",Service/Intake (562) 421-3388,www.longbeach.gov/park/,,,59514,The Department provides recreational programs for people of all ages in Los Angeles County.,90808,http://egis3.lacounty.gov/lms/?p=59514,publish,33.81468586,-118.1365136,2013/06/01 18:50:56+00,,,6520201.30593339,1754968.38436897
-118.103393056536,33.8311809671173,58085,211,,Arts and Recreation,Golf Courses,,www.longbeach.gov/park/,"City Of Long Beach Department Of Parks, Recreation And Marine - Heartwell Golf Course",6700 E. Carson St.,,Long Beach,CA,"SITE HOURS: Monday through Sunday, day and evening hours. ",Service/Intake (562) 421-8855,www.longbeach.gov/park/,,,59518,The Department provides recreational programs for people of all ages in Los Angeles County.,90808,http://egis3.lacounty.gov/lms/?p=59518,publish,33.831181,-118.103393,2013/06/01 18:50:56+00,,,6530268.59157306,1760959.39108773
-118.095026056784,33.7999679677596,58088,211,,Arts and Recreation,Golf Courses,,www.longbeach.gov/park/,"City Of Long Beach Department Of Parks, Recreation And Marine - El Dorado Golf Course",2400 Studebaker Rd.,,Long Beach,CA,"SITE HOURS: Monday through Sunday, Daylight Hours. ",Service/Intake (562) 430-5411,www.longbeach.gov/park/,,,59521,The Department provides recreational programs for people of all ages in Los Angeles County.,90815,http://egis3.lacounty.gov/lms/?p=59521,publish,33.799968,-118.095026,2013/06/01 18:50:56+00,,,6532799.0146618,1749597.64511047
-118.334534226101,34.2678612768388,61454,LA County Chief Information Office,,Arts and Recreation,Golf Courses,,,Angeles National Golf Club,9401 Foothill Blvd,,Sunland,CA,,(818) 951-8771,http://www.angelesnational.com/,,,64746,"Angeles National features an 18-hole, par 72 championship golf course with magnificent views, generous fairways and immaculate emerald greens.",91040,http://egis3.lacounty.gov/lms/?p=64746,publish,34.26786131,-118.33453417,2011/10/06 06:05:07+00,,,6460597.1984358,1920028.29046898
-118.343729555748,33.8818366670294,72528,LA County Department of Parks and Recreation,,Arts and Recreation,Golf Courses,,,Alondra Golf Course,16400 S. Prairie Ave.,,Lawndale,CA,"Sunrise to Sunset
","General: (310) 217-9919;
Reservations/Pro Shop: (310) 217-9915;
Banquets: (310) 217-9917
",http://parks.lacounty.gov/alondra-golf-course,,,3000007,"This golf course has two Regulation 18-hole courses features generous fairways, raised greens and subtle difficulties.",90260,http://egis3.lacounty.gov/parks_lms/?p=3000007,publish,33.8818367,-118.3437295,2018/05/23 06:17:11+00,,,6457338.62850939,1779556.4998908
-118.119876056388,34.1851059671268,72530,LA County Department of Parks and Recreation,,Arts and Recreation,Golf Courses,,,Altadena Golf Course,1456 E. Mendocino St.,,Altadena,CA,Sunrise to Sunset,Service/Intake & Administration: (626) 797-3821,http://parks.lacounty.gov/altadena-golf-course,,,3000009,"This Regulation 9-hole course features large tree lined fairways, level terrain and majestic mountain views. 
",91001,http://egis3.lacounty.gov/parks_lms/?p=3000009,publish,34.185106,-118.119876,2018/05/23 06:18:35+00,,,6525416.10193422,1889765.56359297
-117.821803147664,34.0066725468831,72565,LA County Department of Parks and Recreation,,Arts and Recreation,Golf Courses,,,Diamond Bar Golf Course,22751 East Golden Springs Drive,,Diamond Bar,CA,Sunrise to Sunset,"Reservations/Pro Shop: (909) 861-8282;
Banquets: (909) 861-5757",http://parks.lacounty.gov/diamond-bar-golf-course,,,3000049,"This Regulation 18-hole course features rolling terrain, mountain vistas and a lake.
",91765,http://egis3.lacounty.gov/parks_lms/?p=3000049,publish,34.00667258,-117.82180309,2018/05/23 21:14:35+00,,,6615677.70979647,1824856.52215147
-118.079853116702,34.1616050671644,72567,LA County Department of Parks and Recreation,,Arts and Recreation,Golf Courses,,,Eaton Canyon Golf Course,1150 N. Sierra Madre Villa Ave.,,Pasadena,CA,Sunrise to Sunset,"Service/Intake & Administration: (626) 794-6773;
Reservations/Pro Shop: (626) 794-6773",http://parks.lacounty.gov/eaton-canyon-golf-course,,,3000051,"This Regulation 9-hole course features narrow fairways and rolling terrain. It is located high in the foothills with mountain and valley views.
",91107,http://egis3.lacounty.gov/parks_lms/?p=3000051,publish,34.1616051,-118.07985306,2018/05/23 21:16:57+00,,,6537513.48456356,1881201.13748039
-118.417468126033,34.3120711264969,72571,LA County Department of Parks and Recreation,,Arts and Recreation,Golf Courses,,,El Cariso Golf Course,13100 Eldridge Ave.,,Sylmar,CA,"Sunrise to Sunset
","General: (818) 367-6157;
Reservations/Pro Shop: (818) 367-8742;
Banquets: (818) 367-2140",http://parks.lacounty.gov/el-cariso-golf-course,,,3000055,"This Executive 18-hole course features scenic mountain views and beautiful lakes.
",91342,http://egis3.lacounty.gov/parks_lms/?p=3000055,publish,34.31207116,-118.41746807,2018/05/23 21:19:58+00,,,6435607.24940005,1936210.65869473
-118.309010326269,33.94800141744,72582,LA County Department of Parks and Recreation,,Arts and Recreation,Golf Courses,,,Maggie Hathaway Golf Course,9637 South Western Avenue,,Los Angeles,CA,Sunrise to Sunset,(323) 755-6285,http://parks.lacounty.gov/maggie-hathaway-golf-course,,,3000067,"This par 3, 9-hole course features large trees and undulating fairways.
",90047,http://egis3.lacounty.gov/parks_lms/?p=3000067,publish,33.94800145,-118.30901027,2018/05/23 21:46:17+00,,,6467950.89173363,1803601.03808773
-118.501925526254,34.2909419363595,72592,LA County Department of Parks and Recreation,,Arts and Recreation,Golf Courses,,,Knollwood Golf Course,12040 Balboa Blvd.,,Granada Hills,CA,Sunrise to Sunset,"General: (818) 363-1810;
Reservations/Pro Shop: (818) 363-8161;
Banquets: (818) 360-2101",http://parks.lacounty.gov/knollwood-golf-course,,,3000077,"This Regulation 18-hole course features rolling terrain and large trees. The course meanders through a quiet residential area.
",91344,http://egis3.lacounty.gov/parks_lms/?p=3000077,publish,34.29094197,-118.50192547,2018/05/23 21:35:12+00,,,6410065.39792481,1928638.08624148
-118.003377966733,33.9029062773296,72597,LA County Department of Parks and Recreation,,Arts and Recreation,Golf Courses,,,La Mirada Golf Course,15501 E. Alicante Rd.,,La Mirada,CA,Sunrise to Sunset,"General: (562) 943-7123;
Reservations/Pro Shop: (562) 943-7123;
Banquets: (562) 943-3731",http://parks.lacounty.gov/la-mirada-golf-course,,,3000083,"This Regulation 18-hole course features large trees, challenging rolling hills and a lake.
",90638,http://egis3.lacounty.gov/parks_lms/?p=3000083,publish,33.90290631,-118.00337791,2018/05/23 21:37:28+00,,,6560645.29525521,1787045.86450523
-118.151178416399,33.8323157573984,72599,LA County Department of Parks and Recreation,,Arts and Recreation,Golf Courses,,,Lakewood Golf Course,3101 Carson St.,,Lakewood,CA,Sunrise to Sunset,"General: (562) 429-9711;
Reservations/Pro Shop: (562) 429-9711;
Banquets: (562) 421-0550",http://parks.lacounty.gov/lakewood-golf-course,,,3000086,"This Regulation 18-hole historic championship course features 11 acres of lakes and is home of the original ""Long Beach Open.""
  
",90712,http://egis3.lacounty.gov/parks_lms/?p=3000086,publish,33.83231579,-118.15117836,2018/05/23 21:38:36+00,,,6515756.21311755,1761390.74750848
-118.162883576522,33.9345568268432,72606,LA County Department of Parks and Recreation,,Arts and Recreation,Golf Courses,,,Los Amigos Golf Course,7295 E. Quill Dr.,,Downey,CA,Sunrise to Sunset,"General: (562) 869-0302;
Reservations/Pro Shop: (562) 869-0302;
Banquets: (562) 923-9696",http://parks.lacounty.gov/los-amigos-golf-course,,,3000093,"This Regulation 18-hole course features two lakes, undulating greens, and large trees. ",90242,http://egis3.lacounty.gov/parks_lms/?p=3000093,publish,33.93455686,-118.16288352,2018/05/23 21:43:36+00,,,6512261.55409639,1798604.23279265
-118.399368576034,33.755289217389,72609,LA County Department of Parks and Recreation,,Arts and Recreation,Golf Courses,,,Los Verdes Golf Course,7000 W. Los Verdes Dr.,,Rancho  Palos Verdes,CA,Sunrise to Sunset,"Reservations/Pro Shop: (310) 377-7370;
Banquets: (310) 377-7888",http://parks.lacounty.gov/los-verdes-golf-course,,,3000096,"This Regulation 18-hole course features rolling terrain and spectacular views overlooking the Pacific Ocean and Catalina Island.
",90275,http://egis3.lacounty.gov/parks_lms/?p=3000096,publish,33.75528925,-118.39936852,2018/05/23 21:45:16+00,,,6440267.7056303,1733565.30217522
-117.753610667124,34.1486959774882,72614,LA County Department of Parks and Recreation,,Arts and Recreation,Golf Courses,,,Marshall Canyon Golf Course,6100 N. Stephens Ranch Rd.,,La Verne,CA,Sunrise to Sunset,"Reservations/Pro Shop: (909) 593-8211;
Banquets: (909) 596-6278",http://parks.lacounty.gov/marshall-canyon-golf-course,,,3000101,This Regulation 18-hole course features terrain and scenic sites nestled in the San Gabriel Mountains.,91750,http://egis3.lacounty.gov/parks_lms/?p=3000101,publish,34.14869601,-117.75361061,2018/05/23 21:53:41+00,,,6636218.55060448,1876585.06141073
-117.774671377641,34.0814196074574,72626,LA County Department of Parks and Recreation,,Arts and Recreation,Golf Courses,,,Mountain Meadows Golf Course,1875 Fairplex Dr.,,Pomona,CA,Sunrise to Sunset,"Reservations/Pro Shop: (909) 623-3704;
Banquets: (909) 620-9037",http://parks.lacounty.gov/mountain-meadows-golf-course,,,3000114,"This Regulation 18-hole course features excellent greens and three lakes on this spectacular hilltop location.
  
",91768,http://egis3.lacounty.gov/parks_lms/?p=3000114,publish,34.08141964,-117.77467132,2018/05/23 22:00:21+00,,,6629901.26271413,1852087.04905514
-118.03144460743,34.1356072968877,72656,LA County Department of Parks and Recreation,,Arts and Recreation,Golf Courses,,,Santa Anita Golf Course,405 S. Santa Anita Ave.,,Arcadia,CA,"Sunrise to Sunset
","Reservations/Pro Shop: (626) 447-2331;
Banquets: (646) 447-2764",http://parks.lacounty.gov/santa-anita-golf-course,,,3000148,This Regulation 18-hole historic course features rolling fairways and large trees.,91006,http://egis3.lacounty.gov/parks_lms/?p=3000148,publish,34.13560733,-118.03144455,2018/05/23 22:15:44+00,,,6552154.8814618,1871731.96744239
-118.274731696111,33.8579788275187,72676,LA County Department of Parks and Recreation,,Arts and Recreation,Golf Courses,,,Victoria Golf Course,340 E. 192nd St.,,Carson,CA,"Sunrise to Sunset
",(310) 323-6981,http://parks.lacounty.gov/victoria-golf-course,,,3000171,"This Regulation 18-hole course features wide fairways and a challenging layout.
",90746,http://egis3.lacounty.gov/parks_lms/?p=3000171,publish,33.85797886,-118.27473164,2018/05/23 22:41:24+00,,,6478257.65720931,1770809.65321131
-118.309149796497,33.9205002768988,72679,LA County Department of Parks and Recreation,,Arts and Recreation,Golf Courses,,,Chester Washington Golf Course,1930 W. 120Th St.,,Los Angeles,CA,Sunrise to Sunset,"Reservations/Pro Shop: (323) 756-6975;
Banquets: (323) 756-2516

",http://parks.lacounty.gov/chester-l-washington-golf-course,,,3000174,"This Regulation 18-hole course features level terrain, two lakes and large trees.",90047,http://egis3.lacounty.gov/parks_lms/?p=3000174,publish,33.92050031,-118.30914974,2018/05/23 06:41:29+00,,,6467877.81117114,1793592.93769714
-118.078072126617,34.051752696594,72683,LA County Department of Parks and Recreation,,Arts and Recreation,Golf Courses,,,Whittier Narrows Golf Course,8640 Rush St.,,Rosemead,CA,"Sunrise to Sunset
","Reservations/Pro Shop: (626) 288-1044;
Banquets: (626) 572-045",http://parks.lacounty.gov/whittier-narrows-golf-course,,,3000179,"This facility features 27 regulation holes of golf: one 18-hole regulation course and one 9-hole regulation course. Both feature undulating fairways and large trees.
",91770,http://egis3.lacounty.gov/parks_lms/?p=3000179,publish,34.05175273,-118.07807207,2018/05/23 22:46:45+00,,,6538021.21419114,1841223.39296098
